dynamics,tau,alpha,k_equivalent,tracking_mse,tracking_rmse,tracking_mse_sd,tracking_mse_se,n_games,n_replications
smooth,50,0.0025,0.43429448190325176,0.7815890672245543,0.8840752610635332,0.0004318759248428589,0.00013657115890951306,40000,10
smooth,50,0.003020783854286946,0.5247639035757029,0.7815689150847364,0.88406386369127,0.0004612242930164558,0.0001458519278132893,40000,10
smooth,50,0.003650054037728276,0.6340793308936296,0.7815078752467313,0.8840293407159806,0.0004940967114813419,0.00015624709926801087,40000,10
smooth,50,0.004410409721777782,0.7661666420402187,0.781381580693719,0.8839579066300154,0.0005359119302744237,0.00016947023249245242,40000,10
smooth,50,0.005329157791334604,0.9257695287873359,0.7811528549120998,0.8838285212144378,0.0005936762019223655,0.0001877368990712708,40000,10
smooth,50,0.006439293525204423,1.1186198581406475,0.7807658576426251,0.8836095617650508,0.0006750055278167351,0.00021345549011050267,40000,10
smooth,50,0.007780685565580791,1.3516435226224077,0.7801379593119879,0.8832541872598102,0.000787162428293103,0.00024892261619151735,40000,10
smooth,50,0.009401507732715982,1.633209171955721,0.7791482779691681,0.8826937622806497,0.000936749430311172,0.0002962261796648475,40000,10
smooth,50,0.011359969105976928,1.9734287589268786,0.777621474939485,0.8818284838558375,0.0011300976849454754,0.000357368266291108,40000,10
smooth,50,0.013726404504213443,2.3845206930207357,0.7753053380595417,0.8805142463694393,0.001373799333008931,0.0004344334940328362,40000,10
smooth,50,0.016585800441495827,2.881248643876062,0.7718410368846575,0.8785448405657263,0.001674859450970738,0.0005296370625726642,40000,10
smooth,50,0.020040847273638366,3.481451753442788,0.7667260655992097,0.8756289542946886,0.0020403211664944084,0.0006452062044373956,40000,10
smooth,50,0.024215627148174927,4.206685298511579,0.7592726634221176,0.8713625327165023,0.0024763967256941884,0.0007831054043376854,40000,10
smooth,50,0.029260070204255792,5.082994811924018,0.7485704241633222,0.8651996441072558,0.0029870039047602604,0.0009445735718859088,40000,10
smooth,50,0.03535533905932737,6.141851463713753,0.7334725648887448,0.8564301284335721,0.00357147740144461,0.0011294003200384504,40000,10
smooth,50,0.04272033495730271,7.421282294806062,0.7126410079859494,0.8441806725967785,0.004221385061739246,0.001334919167570653,40000,10
smooth,50,0.05161955923550008,8.96723589370229,0.6847004324684767,0.8274662727075205,0.004916876538303839,0.0015548528834884263,40000,10
smooth,50,0.06237261244160289,10.835232562111297,0.6485489156253836,0.80532534768588,0.005623784369889975,0.0017783967678507173,40000,10
smooth,50,0.07536567224531646,13.092358232427998,0.6038254882122047,0.7770620877460209,0.006293644684259579,0.0019902251986071537,40000,10
smooth,50,0.09106536235445348,15.819673745223703,0.5514279651270897,0.7425819585251784,0.006869280640214569,0.002172257270997767,40000,10
smooth,50,0.11003551051404936,19.115126011863556,0.4938504024305539,0.702744905659624,0.007297295758247389,0.0023076075355947193,40000,10
smooth,50,0.1329573974236247,23.09706561171913,0.43508342211706924,0.6596085370256128,0.007545024025911279,0.0023859460922572924,40000,10
smooth,50,0.16065422377811936,27.908497152514965,0.37998900768172716,0.6164324842849598,0.007615107583099012,0.0024081084589812826,40000,10
smooth,50,0.1941206741247779,33.722215038292155,0.33335849788715244,0.5773720619212125,0.00754988917737234,0.0023874845882351572,40000,10
smooth,50,0.23455863927177067,40.74700908738615,0.2990660565316576,0.5468693230851933,0.007422023317892819,0.0023470498531421254,40000,10
smooth,50,0.2834203801582724,49.235162864663835,0.2796714053651784,0.5288396783196004,0.007314431851209971,0.0023130264439905333,40000,10
smooth,50,0.3424606833431912,59.491514017905914,0.27656262783267954,0.5258922207379375,0.007297882548584302,0.0023077930949920813,40000,10
smooth,50,0.4137998811884742,71.88440200495022,0.290475401710646,0.5389576993704107,0.007416128086902165,0.002345185617415798,40000,10
smooth,50,0.5,86.85889638065036,0.32213882292777984,0.5675727468155777,0.007685471439705238,0.0024303594641641984,40000,10
smooth,100,0.0025,0.43429448190325176,0.780596147464876,0.8835135242116422,0.0010733022984344607,0.00033940798809466697,40000,10
smooth,100,0.003020783854286946,0.5247639035757029,0.7801452139041773,0.8832582939911616,0.0012674444124810395,0.00040080111510940275,40000,10
smooth,100,0.003650054037728276,0.6340793308936296,0.7794646402543111,0.8828729468356764,0.0015002498883322603,0.0004744206706543212,40000,10
smooth,100,0.004410409721777782,0.7661666420402187,0.7784447248435524,0.882295146106762,0.0017789411669823316,0.0005625505911102094,40000,10
smooth,100,0.005329157791334604,0.9257695287873359,0.7769255455524217,0.8814338010040355,0.0021117878119500328,0.000667805942074545,40000,10
smooth,100,0.006439293525204423,1.1186198581406475,0.7746762500799017,0.8801569462771408,0.002508480657634864,0.0007932512344603215,40000,10
smooth,100,0.007780685565580791,1.3516435226224077,0.7713673366144764,0.8782752055104803,0.002980239765249404,0.0009424345631593645,40000,10
smooth,100,0.009401507732715982,1.633209171955721,0.7665350566558199,0.8755198779330027,0.003539377079917783,0.0011192493070735997,40000,10
smooth,100,0.011359969105976928,1.9734287589268786,0.7595391868526559,0.8715154541674266,0.004198080331027201,0.0013275495646399593,40000,10
smooth,100,0.013726404504213443,2.3845206930207357,0.7495201664952595,0.8657483274573851,0.0049661798616798345,0.001570443963296823,40000,10
smooth,100,0.016585800441495827,2.881248643876062,0.735370546210139,0.857537489682019,0.005847627375781551,0.0018491821415423041,40000,10
smooth,100,0.020040847273638366,3.481451753442788,0.7157498162210716,0.8460199857101909,0.0068354587475149935,0.002161561849426919,40000,10
smooth,100,0.024215627148174927,4.206685298511579,0.6891880985733808,0.8301735352162106,0.00790537879625481,0.002499900276256538,40000,10
smooth,100,0.029260070204255792,5.082994811924018,0.6543307209082918,0.8089071151302181,0.009009193878810662,0.002848957253908866,40000,10
smooth,100,0.03535533905932737,6.141851463713753,0.6103479909651698,0.7812477142143648,0.010071208047175071,0.0031847956218489736,40000,10
smooth,100,0.04272033495730271,7.421282294806062,0.5574489605352253,0.7466250468174941,0.010992302532859911,0.003476071273347519,40000,10
smooth,100,0.05161955923550008,8.96723589370229,0.49731102316144876,0.7052028241303694,0.011665362902987237,0.003688911650587349,40000,10
smooth,100,0.06237261244160289,10.835232562111297,0.433160518375581,0.658149313131588,0.012000370916660862,0.0037948504863490975,40000,10
smooth,100,0.07536567224531646,13.092358232427998,0.36933196831998416,0.607726886290202,0.011950275926658635,0.0037790090595720576,40000,10
smooth,100,0.09106536235445348,15.819673745223703,0.31039938335662265,0.5571349776819102,0.011525953400286722,0.003644826494986847,40000,10
smooth,100,0.11003551051404936,19.115126011863556,0.26023376534733667,0.5101311256405913,0.010793899512545878,0.003413330729462619,40000,10
smooth,100,0.1329573974236247,23.09706561171913,0.22138481983780228,0.470515483101037,0.009860080691455858,0.0031180312898048445,40000,10
smooth,100,0.16065422377811936,27.908497152514965,0.19498194354648196,0.4415675979354486,0.008849945724520808,0.002798598565835481,40000,10
smooth,100,0.1941206741247779,33.722215038292155,0.18107186938209957,0.425525403920964,0.007893628768514746,0.0024961845912336617,40000,10
smooth,100,0.23455863927177067,40.74700908738615,0.17915314281276426,0.42326486130172,0.007117914301639678,0.002250882138306816,40000,10
smooth,100,0.2834203801582724,49.235162864663835,0.18868658446837408,0.4343806907176861,0.006636826723668981,0.0020987488882666916,40000,10
smooth,100,0.3424606833431912,59.491514017905914,0.20947572173817114,0.45768517753819726,0.006529547502006461,0.0020648242196603275,40000,10
smooth,100,0.4137998811884742,71.88440200495022,0.24191846592015728,0.49185207727543173,0.006812410334720916,0.0021542733013388145,40000,10
smooth,100,0.5,86.85889638065036,0.2871853101294991,0.5358967345762606,0.007435452749302208,0.002351296612235593,40000,10
smooth,200,0.0025,0.43429448190325176,0.777458254388253,0.8817359323449697,0.0015153619808581495,0.0004791995339136229,40000,10
smooth,200,0.003020783854286946,0.5247639035757029,0.7754472864450646,0.880594848068659,0.0018141996756916457,0.000573700310552441,40000,10
smooth,200,0.003650054037728276,0.6340793308936296,0.7724845491383358,0.8789110018302967,0.0021687542874602923,0.0006858203233630073,40000,10
smooth,200,0.004410409721777782,0.7661666420402187,0.7681527148434096,0.8764432182653988,0.002588397115041299,0.0008185230372539383,40000,10
smooth,200,0.005329157791334604,0.9257695287873359,0.7618697427839034,0.8728515009919519,0.003082351407444715,0.0009747250996550983,40000,10
smooth,200,0.006439293525204423,1.1186198581406475,0.7528433415841772,0.8676654548754245,0.0036583673358862247,0.0011568773298962717,40000,10
smooth,200,0.007780685565580791,1.3516435226224077,0.7400329374356172,0.8602516709868206,0.0043206897230266186,0.0013663220587646178,40000,10
smooth,200,0.009401507732715982,1.633209171955721,0.7221426927423216,0.8497897932679126,0.005066971378937395,0.0016023170396326292,40000,10
smooth,200,0.011359969105976928,1.9734287589268786,0.6976855195908053,0.8352757147138933,0.005883946285663637,0.0018606671892784832,40000,10
smooth,200,0.013726404504213443,2.3845206930207357,0.6651703032580046,0.8155797344576462,0.006742378829956399,0.0021321273950363337,40000,10
smooth,200,0.016585800441495827,2.881248643876062,0.6234525103805303,0.789590090097723,0.007593177033990859,0.0024011734104292886,40000,10
smooth,200,0.020040847273638366,3.481451753442788,0.5722248752967223,0.7564554681517758,0.008368006190603572,0.0026461959036696374,40000,10
smooth,200,0.024215627148174927,4.206685298511579,0.5125063060797808,0.7158954575074358,0.008987733636277896,0.0028421709293545505,40000,10
smooth,200,0.029260070204255792,5.082994811924018,0.44687787299961224,0.6684892467344649,0.009379079383330892,0.00296592532068531,40000,10
smooth,200,0.03535533905932737,6.141851463713753,0.3792367518708398,0.6158220131424662,0.009494639835567724,0.0030024687443360584,40000,10
smooth,200,0.04272033495730271,7.421282294806062,0.31405319608200377,0.5604044932742811,0.009327725646798814,0.0029496858433051536,40000,10
smooth,200,0.05161955923550008,8.96723589370229,0.25540364504481317,0.5053747570316638,0.00891484838272585,0.0028191225884482162,40000,10
smooth,200,0.06237261244160289,10.835232562111297,0.20619025501614163,0.4540817712881036,0.008324693918465785,0.0026324993606103918,40000,10
smooth,200,0.07536567224531646,13.092358232427998,0.16783374829432712,0.40967517412497323,0.00763887914967683,0.0024156256883749064,40000,10
smooth,200,0.09106536235445348,15.819673745223703,0.14045291491986814,0.3747704829890798,0.006932852951026808,0.0021923606008264498,40000,10
smooth,200,0.11003551051404936,19.115126011863556,0.12332832134773519,0.3511813226066204,0.006264031070921037,0.0019808605518174204,40000,10
smooth,200,0.1329573974236247,23.09706561171913,0.11540511504599069,0.3397132835877789,0.005670308021909548,0.0017931088383958114,40000,10
smooth,200,0.16065422377811936,27.908497152514965,0.1156808894630944,0.3401189342907778,0.005177604351289402,0.0016373022573273068,40000,10
smooth,200,0.1941206741247779,33.722215038292155,0.12344146859668959,0.351342380871835,0.004811089714565466,0.0015214001525436238,40000,10
smooth,200,0.23455863927177067,40.74700908738615,0.13837896129397653,0.37199322748401825,0.0046016623301699386,0.0014551733986334764,40000,10
smooth,200,0.2834203801582724,49.235162864663835,0.160645582457615,0.40080616569311284,0.004579904585903465,0.0014482929957705239,40000,10
smooth,200,0.3424606833431912,59.491514017905914,0.19088865780308487,0.4369080656191699,0.004759858191310531,0.001505199322395076,40000,10
smooth,200,0.4137998811884742,71.88440200495022,0.2302997261714311,0.4798955367279749,0.00512978774503046,0.001622181318751535,40000,10
smooth,200,0.5,86.85889638065036,0.2807031496087352,0.5298142595369959,0.005662744908466252,0.0017907171719275061,40000,10
smooth,400,0.0025,0.43429448190325176,0.7633336517216202,0.8736896770144535,0.002130431797952749,0.0006737016881178332,40000,10
smooth,400,0.003020783854286946,0.5247639035757029,0.7551262335689366,0.8689799960694933,0.0025436354287221214,0.0008043681491860782,40000,10
smooth,400,0.003650054037728276,0.6340793308936296,0.7434574366537147,0.8622397790949538,0.0030179069355879056,0.0009543459682876845,40000,10
smooth,400,0.004410409721777782,0.7661666420402187,0.7271037846660404,0.8527038082863477,0.003552300906771695,0.0011233361799680007,40000,10
smooth,400,0.005329157791334604,0.9257695287873359,0.7046170204370283,0.839414689195411,0.00413893816285508,0.0013088471689214972,40000,10
smooth,400,0.006439293525204423,1.1186198581406475,0.6744637415088433,0.8212574148881965,0.004759091793759983,0.0015049569662097854,40000,10
smooth,400,0.007780685565580791,1.3516435226224077,0.6353181124207037,0.7970684490184665,0.005379042791785982,0.001701002685355456,40000,10
smooth,400,0.009401507732715982,1.633209171955721,0.5865124419181671,0.7658410030274999,0.005948194605843892,0.0018809842920394196,40000,10
smooth,400,0.011359969105976928,1.9734287589268786,0.528548067708708,0.7270131138491988,0.0064030493025029256,0.0020248219766261723,40000,10
smooth,400,0.013726404504213443,2.3845206930207357,0.46344482229814005,0.6807678182009929,0.006679179619660408,0.002112142049950404,40000,10
smooth,400,0.016585800441495827,2.881248643876062,0.3946715187909159,0.6282288745281578,0.0067286926715104285,0.002127799451725612,40000,10
smooth,400,0.020040847273638366,3.481451753442788,0.32655183838190444,0.5714471439966293,0.006535979999310033,0.0020668583539125455,40000,10
smooth,400,0.024215627148174927,4.206685298511579,0.26332656435369617,0.5131535485151556,0.006124482366051528,0.0019367313766259925,40000,10
smooth,400,0.029260070204255792,5.082994811924018,0.20826385115436694,0.4563593443267782,0.005552545247979362,0.001755868979475923,40000,10
smooth,400,0.03535533905932737,6.141851463713753,0.1631723770799863,0.40394600762971566,0.004902619433618449,0.0015503443911238973,40000,10
smooth,400,0.04272033495730271,7.421282294806062,0.12842695195053658,0.35836706314969374,0.004269859849289543,0.0013502482413458245,40000,10
smooth,400,0.05161955923550008,8.96723589370229,0.10336003322212324,0.32149655242649683,0.0037516746834827253,0.0011863837039796698,40000,10
smooth,400,0.06237261244160289,10.835232562111297,0.08676805050960394,0.29456417044441086,0.0034310118184712156,0.0010849812025325212,40000,10
smooth,400,0.07536567224531646,13.092358232427998,0.0773374814483526,0.27809617301996914,0.0033464071104202624,0.0010582268447110613,40000,10
smooth,400,0.09106536235445348,15.819673745223703,0.07391458810316096,0.27187237465980424,0.0034710195280768007,0.0010976327511645458,40000,10
smooth,400,0.11003551051404936,19.115126011863556,0.07563416162913801,0.27501665700305866,0.003735090506394625,0.001181139326707872,40000,10
smooth,400,0.1329573974236247,23.09706561171913,0.08195865058554806,0.28628421295200346,0.00406969399298336,0.0012869502397732727,40000,10
smooth,400,0.16065422377811936,27.908497152514965,0.09267628400426589,0.3044277976865219,0.004430341024324946,0.001400996844815027,40000,10
smooth,400,0.1941206741247779,33.722215038292155,0.10789038060656679,0.3284667115653682,0.004798930334370066,0.001517555018908283,40000,10
smooth,400,0.23455863927177067,40.74700908738615,0.12801735730483516,0.35779513314861505,0.0051777259018455325,0.0016373406949881301,40000,10
smooth,400,0.2834203801582724,49.235162864663835,0.15380263225820184,0.39217678699561226,0.005582648053039981,0.001765388322271083,40000,10
smooth,400,0.3424606833431912,59.491514017905914,0.1863605974621989,0.4316950283037771,0.006038488689900516,0.0019095377885251824,40000,10
smooth,400,0.4137998811884742,71.88440200495022,0.22724526036018405,0.47670248621145667,0.006577115974454063,0.0020798666914352663,40000,10
smooth,400,0.5,86.85889638065036,0.2785615250720742,0.5277892809370746,0.007238872970168393,0.002289132627836023,40000,10
smooth,800,0.0025,0.43429448190325176,0.7126201896660012,0.8441683420183448,0.0048817864142781525,0.0015437564119585299,64000,10
smooth,800,0.003020783854286946,0.5247639035757029,0.6851625036785007,0.8277454341030827,0.0056461427342325,0.0017854671034585445,64000,10
smooth,800,0.003650054037728276,0.6340793308936296,0.6490674298889101,0.8056472118048383,0.006439727732365237,0.0020364207145625365,64000,10
smooth,800,0.004410409721777782,0.7661666420402187,0.6033582283596488,0.7767613715676448,0.007208738491551489,0.0022796032689829174,64000,10
smooth,800,0.005329157791334604,0.9257695287873359,0.5480506249044691,0.7403044136735031,0.007880277649753865,0.0024919625967740828,64000,10
smooth,800,0.006439293525204423,1.1186198581406475,0.4845903018675801,0.6961252055970824,0.008373840886563533,0.0026480409965384437,64000,10
smooth,800,0.007780685565580791,1.3516435226224077,0.4159535494997247,0.6449446096369243,0.008620730249570524,0.0027261142682554643,64000,10
smooth,800,0.009401507732715982,1.633209171955721,0.3462314175555264,0.5884143247368527,0.008584370424963284,0.002714616282147153,64000,10
smooth,800,0.011359969105976928,1.9734287589268786,0.2797754215682421,0.5289380129733938,0.008272053356024727,0.002615852953147786,64000,10
smooth,800,0.013726404504213443,2.3845206930207357,0.22024446593897767,0.4693021051934219,0.007732488077711467,0.0024452274305665303,64000,10
smooth,800,0.016585800441495827,2.881248643876062,0.16994862658370133,0.4122482584362259,0.007041105104353771,0.0022265929374395473,64000,10
smooth,800,0.020040847273638366,3.481451753442788,0.12969650004412683,0.360134002899097,0.006280644635947093,0.0019861142223711855,64000,10
smooth,800,0.024215627148174927,4.206685298511579,0.0990786613124414,0.3147676306617969,0.005524888762703518,0.0017471232309212651,64000,10
smooth,800,0.029260070204255792,5.082994811924018,0.07695378905243597,0.27740545966587604,0.004829718944026597,0.0015272912321587322,64000,10
smooth,800,0.03535533905932737,6.141851463713753,0.061911398435631704,0.24882001212850968,0.004231352520137481,0.0013380711546727927,64000,10
smooth,800,0.04272033495730271,7.421282294806062,0.05259367966919696,0.22933311943371146,0.003749067209831922,0.0011855591484121284,64000,10
smooth,800,0.05161955923550008,8.96723589370229,0.047864994343076055,0.21878069920145163,0.0033893917264589003,0.0010718197738140514,64000,10
smooth,800,0.06237261244160289,10.835232562111297,0.0468710068215534,0.21649712889909972,0.003149791643470682,0.0009960515748332383,64000,10
smooth,800,0.07536567224531646,13.092358232427998,0.04903678091107975,0.22144250023669745,0.0030213545229371363,0.0009554361911332797,64000,10
smooth,800,0.09106536235445348,15.819673745223703,0.054040141247696336,0.23246535494068,0.0029911262712478954,0.0009458771786309963,64000,10
smooth,800,0.11003551051404936,19.115126011863556,0.061781435224293614,0.24855871584857694,0.0030447504955025853,0.0009628346472714428,64000,10
smooth,800,0.1329573974236247,23.09706561171913,0.07236018495195459,0.2689984850365418,0.0031689236313730226,0.0010021016406270564,64000,10
smooth,800,0.16065422377811936,27.908497152514965,0.08606343283461819,0.2933656981220166,0.0033525385105877856,0.0010601657636885925,64000,10
smooth,800,0.1941206741247779,33.722215038292155,0.10336831106496595,0.3215094260903807,0.0035863033701359643,0.001134088702996753,64000,10
smooth,800,0.23455863927177067,40.74700908738615,0.12496072996419168,0.353497850013535,0.0038619777449115317,0.0012212645946801193,64000,10
smooth,800,0.2834203801582724,49.235162864663835,0.15177219401835998,0.3895795092383068,0.0041727619886222445,0.0013195432017819905,64000,10
smooth,800,0.3424606833431912,59.491514017905914,0.18503807125631672,0.43016051801195876,0.004515595828269577,0.0014279567810086412,64000,10
smooth,800,0.4137998811884742,71.88440200495022,0.22638395633082956,0.47579823069325256,0.004894540956660688,0.0015477897524027262,64000,10
smooth,800,0.5,86.85889638065036,0.27795169994823327,0.5272112479341021,0.005322699261058054,0.0016831852965038623,64000,10
ou,50,0.0025,0.43429448190325176,1.4901742383724499,1.2207269303052382,0.06637018005167605,0.020988093767876817,40000,10
ou,50,0.003020783854286946,0.5247639035757029,1.4819247659066168,1.2173433229400064,0.0660719776197251,0.02089379387900018,40000,10
ou,50,0.003650054037728276,0.6340793308936296,1.4721977700212985,1.213341571867254,0.06552007935012795,0.020719268322136913,40000,10
ou,50,0.004410409721777782,0.7661666420402187,1.4607177626329713,1.2086015731550954,0.06468557880310981,0.02045537607841354,40000,10
ou,50,0.005329157791334604,0.9257695287873359,1.4471774507330957,1.2029868871825227,0.06358914275469107,0.020108652556241752,40000,10
ou,50,0.006439293525204423,1.1186198581406475,1.431236489513845,1.1963429648365242,0.062304404540660094,0.019702382660902275,40000,10
ou,50,0.007780685565580791,1.3516435226224077,1.4125191996508635,1.1884945097268491,0.060940647181603344,0.019271124717858735,40000,10
ou,50,0.009401507732715982,1.633209171955721,1.390615895362509,1.1792437811421814,0.059610678210138324,0.01885055160114064,40000,10
ou,50,0.011359969105976928,1.9734287589268786,1.3650950893923528,1.16837283834928,0.058396561541535275,0.01846661419934449,40000,10
ou,50,0.013726404504213443,2.3845206930207357,1.3355323002182096,1.1556523267047965,0.05732611487506483,0.01812810924136637,40000,10
ou,50,0.016585800441495827,2.881248643876062,1.3015553303431666,1.1408572786914086,0.056367500150809886,0.017824968648644385,40000,10
ou,50,0.020040847273638366,3.481451753442788,1.262898089861133,1.1237873864130763,0.055440524588255186,0.01753183323734551,40000,10
ou,50,0.024215627148174927,4.206685298511579,1.219449976833954,1.1042870898611257,0.054436123756049025,0.017214213805991502,40000,10
ou,50,0.029260070204255792,5.082994811924018,1.171290161473458,1.0822615956752129,0.053234745278148865,0.016834304573784428,40000,10
ou,50,0.03535533905932737,6.141851463713753,1.118705054173523,1.0576885430851197,0.051720352775248564,0.016355411615719618,40000,10
ou,50,0.04272033495730271,7.421282294806062,1.0621950165041822,1.0306284570611188,0.04979335354743205,0.015746040954791027,40000,10
ou,50,0.05161955923550008,8.96723589370229,1.002476405850667,1.001237437299798,0.04738630863462906,0.014984866519313144,40000,10
ou,50,0.06237261244160289,10.835232562111297,0.9404788056127849,0.9697828651882775,0.04448128397088485,0.014066217059673496,40000,10
ou,50,0.07536567224531646,13.092358232427998,0.8773310659518578,0.936659525095356,0.04112270831212865,0.013004142182106495,40000,10
ou,50,0.09106536235445348,15.819673745223703,0.814329498735874,0.9024020715489709,0.03741856004796793,0.011832787651535802,40000,10
ou,50,0.11003551051404936,19.115126011863556,0.7528894384751657,0.8676920182156602,0.033526741071118776,0.010602086430744858,40000,10
ou,50,0.1329573974236247,23.09706561171913,0.6944918431399786,0.833361772065397,0.029630606418737,0.00937002047352138,40000,10
ou,50,0.16065422377811936,27.908497152514965,0.6406400636094546,0.8003999397860139,0.02591176153703922,0.008194018464418938,40000,10
ou,50,0.1941206741247779,33.722215038292155,0.5928364380799589,0.7699587249196926,0.02252660351023829,0.007123537503989713,40000,10
ou,50,0.23455863927177067,40.74700908738615,0.5525820387708441,0.7433586205667114,0.019590410921172804,0.006195031880954339,40000,10
ou,50,0.2834203801582724,49.235162864663835,0.5214022758994822,0.7220819038720484,0.01717137596269667,0.005430065860118798,40000,10
ou,50,0.3424606833431912,59.491514017905914,0.5009036349491115,0.7077454591511778,0.015293573803562574,0.004836252678314228,40000,10
ou,50,0.4137998811884742,71.88440200495022,0.49286790352861304,0.7020455138583346,0.013944521783867802,0.0044096449718856465,40000,10
ou,50,0.5,86.85889638065036,0.4993913965456861,0.7066763025216609,0.013084855879968256,0.004137794743574647,40000,10
ou,100,0.0025,0.43429448190325176,1.4344058885866378,1.197666852086438,0.0715897119822974,0.022638654689950757,40000,10
ou,100,0.003020783854286946,0.5247639035757029,1.419753753493022,1.191534201562432,0.0716268395578338,0.022650395460220258,40000,10
ou,100,0.003650054037728276,0.6340793308936296,1.4027022214587075,1.1843573031221226,0.0712271881383009,0.022524014584635908,40000,10
ou,100,0.004410409721777782,0.7661666420402187,1.3828654676024208,1.175953003993961,0.07037005544691875,0.022252965428460135,40000,10
ou,100,0.005329157791334604,0.9257695287873359,1.3598055349473435,1.1661069997849012,0.0690368934941943,0.021831382602411433,40000,10
ou,100,0.006439293525204423,1.1186198581406475,1.3330521971308105,1.1545787964148704,0.06719804988871932,0.02124988919699773,40000,10
ou,100,0.007780685565580791,1.3516435226224077,1.3021424727833568,1.1411145747835125,0.06480696646387492,0.0204937622271993,40000,10
ou,100,0.009401507732715982,1.633209171955721,1.2666760692006593,1.1254670449198676,0.061809032712512424,0.01954573233433946,40000,10
ou,100,0.011359969105976928,1.9734287589268786,1.226372661863996,1.1074171128639814,0.05816485578365634,0.0183933424051572,40000,10
ou,100,0.013726404504213443,2.3845206930207357,1.1811154489557716,1.086791354840372,0.05387896095266959,0.017038023457371147,40000,10
ou,100,0.016585800441495827,2.881248643876062,1.1309768819164856,1.0634739686125305,0.0490197245026547,0.015501397970235347,40000,10
ou,100,0.020040847273638366,3.481451753442788,1.076235397547179,1.0374176582009673,0.043719847147038644,0.013825429593905656,40000,10
ou,100,0.024215627148174927,4.206685298511579,1.0173914178355847,1.0086582264749466,0.03815839080358018,0.012066742678613613,40000,10
ou,100,0.029260070204255792,5.082994811924018,0.9551777358387665,0.9773319476200328,0.03253565346679045,0.010288677011701133,40000,10
ou,100,0.03535533905932737,6.141851463713753,0.8905504383818051,0.9436897998716555,0.027053126487915854,0.008554949753044574,40000,10
ou,100,0.04272033495730271,7.421282294806062,0.8246525062279801,0.9081037970562507,0.021906605156405183,0.006927476809622953,40000,10
ou,100,0.05161955923550008,8.96723589370229,0.7587553747458375,0.8710656546700929,0.017296475047164597,0.005469625664130842,40000,10
ou,100,0.06237261244160289,10.835232562111297,0.6941907725581207,0.8331811162995238,0.01345007842473432,0.004253288253005004,40000,10
ou,100,0.07536567224531646,13.092358232427998,0.6322839497166125,0.7951628447787362,0.010625803097166138,0.003360173975551645,40000,10
ou,100,0.09106536235445348,15.819673745223703,0.574296752509101,0.7578236948717696,0.009016716675062,0.002851336170961627,40000,10
ou,100,0.11003551051404936,19.115126011863556,0.5213883254887454,0.7220722439539865,0.008517910453222213,0.002693599793753932,40000,10
ou,100,0.1329573974236247,23.09706561171913,0.4745998552048022,0.6889120808962507,0.008685630889401951,0.00274663765260242,40000,10
ou,100,0.16065422377811936,27.908497152514965,0.4348657052937382,0.6594434815006803,0.009065021645636133,0.002866611543893794,40000,10
ou,100,0.1941206741247779,33.722215038292155,0.403048827006634,0.6348612659523607,0.009406282150660332,0.0029745275910273744,40000,10
ou,100,0.23455863927177067,40.74700908738615,0.3799969227408533,0.6164389043050846,0.00963809633985661,0.003047833674207918,40000,10
ou,100,0.2834203801582724,49.235162864663835,0.36661794095183114,0.6054898355479067,0.009789491945250913,0.003095709168286525,40000,10
ou,100,0.3424606833431912,59.491514017905914,0.36397666236265447,0.6033047839712979,0.00993294211794927,0.0031410720959336564,40000,10
ou,100,0.4137998811884742,71.88440200495022,0.37341650305978297,0.6110781480791004,0.010147230186266416,0.0032088359330616507,40000,10
ou,100,0.5,86.85889638065036,0.39671294026232395,0.6298515223942258,0.010496431792250176,0.0033192631768113874,40000,10
ou,200,0.0025,0.43429448190325176,1.4598288829396784,1.2082337865411967,0.1627918562156512,0.05147930501680967,40000,10
ou,200,0.003020783854286946,0.5247639035757029,1.4299078889206762,1.195787560112864,0.15624678053666446,0.04940957035643256,40000,10
ou,200,0.003650054037728276,0.6340793308936296,1.3955020437831034,1.1813136940639872,0.14863398710636078,0.04700219369681996,40000,10
ou,200,0.004410409721777782,0.7661666420402187,1.3563682211797912,1.16463222571754,0.1401303330880547,0.04431310218363092,40000,10
ou,200,0.005329157791334604,0.9257695287873359,1.3123239878410091,1.1455671031593955,0.13092583098306237,0.04140238304567192,40000,10
ou,200,0.006439293525204423,1.1186198581406475,1.2632748426428706,1.1239550002748644,0.12122435522945947,0.038334507041043554,40000,10
ou,200,0.007780685565580791,1.3516435226224077,1.2092582946752377,1.0996628095353764,0.11125913993037005,0.03518322926913569,40000,10
ou,200,0.009401507732715982,1.633209171955721,1.1504901076263174,1.0726090189935555,0.10129589302692377,0.03203257395858469,40000,10
ou,200,0.011359969105976928,1.9734287589268786,1.0873987383747319,1.0427841283672914,0.0916074061789536,0.02896880540656757,40000,10
ou,200,0.013726404504213443,2.3845206930207357,1.0206412508359135,1.0102679104257017,0.082426523010531,0.0260655552321557,40000,10
ou,200,0.016585800441495827,2.881248643876062,0.9511002887267275,0.9752437073504896,0.07390040442126952,0.02336935979787891,40000,10
ou,200,0.020040847273638366,3.481451753442788,0.8798616189253854,0.9380093917042545,0.06606966767166671,0.02089306340928606,40000,10
ou,200,0.024215627148174927,4.206685298511579,0.8081669353612989,0.8989810539501368,0.058885046582762376,0.018621086732664383,40000,10
ou,200,0.029260070204255792,5.082994811924018,0.7373369929246433,0.8586832902325765,0.05225571779768912,0.01652470890076955,40000,10
ou,200,0.03535533905932737,6.141851463713753,0.66867300760387,0.8177242858102418,0.04610478387937121,0.01457961280886268,40000,10
ou,200,0.04272033495730271,7.421282294806062,0.6033609050520156,0.7767630945481483,0.0404037629184256,0.012776791686367684,40000,10
ou,200,0.05161955923550008,8.96723589370229,0.5424061258048857,0.7364822644197793,0.035174172524877256,0.011123049999032774,40000,10
ou,200,0.06237261244160289,10.835232562111297,0.4866122294277,0.6975759667790312,0.030465498464542322,0.009634036520031624,40000,10
ou,200,0.07536567224531646,13.092358232427998,0.4365976083230005,0.6607553316644524,0.02632795433723829,0.008325630183858183,40000,10
ou,200,0.09106536235445348,15.819673745223703,0.392834538464894,0.6267651382016186,0.022793038348885807,0.007207791597804275,40000,10
ou,200,0.11003551051404936,19.115126011863556,0.35569592476458955,0.5964024855452814,0.019864441046555607,0.0062816878153254575,40000,10
ou,200,0.1329573974236247,23.09706561171913,0.3255024703662835,0.5705282380095515,0.017516773142235553,0.005539290038592895,40000,10
ou,200,0.16065422377811936,27.908497152514965,0.3025703659222599,0.5500639653006365,0.015701783839705795,0.004965340026109451,40000,10
ou,200,0.1941206741247779,33.722215038292155,0.28726298811903817,0.535969204450254,0.014362060118641292,0.004541682186717458,40000,10
ou,200,0.23455863927177067,40.74700908738615,0.2800498866398734,0.5291973985573563,0.013444786199329763,0.004251614704388063,40000,10
ou,200,0.2834203801582724,49.235162864663835,0.2815753775564315,0.5306367661182474,0.012904539768017883,0.004080773782315739,40000,10
ou,200,0.3424606833431912,59.491514017905914,0.29273975584966483,0.5410543002783221,0.012695271782053555,0.004014597434615397,40000,10
ou,200,0.4137998811884742,71.88440200495022,0.31479955489312633,0.5610700089054185,0.012764513443779374,0.004036493570618246,40000,10
ou,200,0.5,86.85889638065036,0.34949815801061856,0.5911836922739147,0.013058668544380574,0.004129513580943821,40000,10
ou,400,0.0025,0.43429448190325176,1.2707355499440922,1.1272690672346564,0.2685912644576557,0.08493601553108218,40000,10
ou,400,0.003020783854286946,0.5247639035757029,1.2241773920966268,1.1064255022804865,0.26085187093124435,0.08248860440589995,40000,10
ou,400,0.003650054037728276,0.6340793308936296,1.173053451739354,1.083075921502899,0.2509153347884089,0.07934639577950552,40000,10
ou,400,0.004410409721777782,0.7661666420402187,1.1174091246049231,1.0570757421324752,0.2387372652980934,0.07549535207018523,40000,10
ou,400,0.005329157791334604,0.9257695287873359,1.0574901549169184,1.0283434032058154,0.22451998167744,0.07099945223199823,40000,10
ou,400,0.006439293525204423,1.1186198581406475,0.9937830609410929,0.996886684102608,0.20868138404910136,0.06599084788714912,40000,10
ou,400,0.007780685565580791,1.3516435226224077,0.9270325303077829,0.9628252854530686,0.19175730924408144,0.06063898551965582,40000,10
ou,400,0.009401507732715982,1.633209171955721,0.8582273658525097,0.9264056162677932,0.1742669767927651,0.055108056761684246,40000,10
ou,400,0.011359969105976928,1.9734287589268786,0.7885481968674503,0.8880023630978975,0.15661456407570146,0.04952587372335999,40000,10
ou,400,0.013726404504213443,2.3845206930207357,0.7192799390123767,0.8481037312807772,0.1390886862097216,0.04398370451831723,40000,10
ou,400,0.016585800441495827,2.881248643876062,0.651702988993463,0.8072812329005692,0.12194687058135092,0.03856298645668506,40000,10
ou,400,0.020040847273638366,3.481451753442788,0.586983900578912,0.7661487457269065,0.10550215065033781,0.03336270941012821,40000,10
ou,400,0.024215627148174927,4.206685298511579,0.5260884926871626,0.7253195796937807,0.09013426917658834,0.028502958583272866,40000,10
ou,400,0.029260070204255792,5.082994811924018,0.4697364109998259,0.685373191042534,0.07621622918886534,0.0241016878906222,40000,10
ou,400,0.03535533905932737,6.141851463713753,0.41840360050000563,0.6468412482982248,0.06400869771250305,0.020241327483271922,40000,10
ou,400,0.04272033495730271,7.421282294806062,0.37236238243453124,0.6102150296694856,0.05358719213607495,0.016945758056306045,40000,10
ou,400,0.05161955923550008,8.96723589370229,0.3317386955425951,0.5759676167481945,0.044838936464566596,0.014179316708760827,40000,10
ou,400,0.06237261244160289,10.835232562111297,0.29656870383035516,0.5445812187638821,0.037525075649480315,0.011866470842248003,40000,10
ou,400,0.07536567224531646,13.092358232427998,0.26684765895475293,0.5165729947981726,0.031370739047311684,0.00992029872722856,40000,10
ou,400,0.09106536235445348,15.819673745223703,0.2425726350524758,0.4925166342901281,0.026137438759200073,0.008265383868223751,40000,10
ou,400,0.11003551051404936,19.115126011863556,0.22378189162006573,0.473055907499384,0.0216543458161596,0.006847705402000211,40000,10
ou,400,0.1329573974236247,23.09706561171913,0.2105901935959805,0.45890107168754846,0.017815989830612076,0.005633910663513159,40000,10
ou,400,0.16065422377811936,27.908497152514965,0.2032183662966176,0.4507974781391502,0.014568066294413654,0.004606827059467624,40000,10
ou,400,0.1941206741247779,33.722215038292155,0.20201932674655693,0.4494656012939777,0.011897779427800221,0.0037624082090143562,40000,10
ou,400,0.23455863927177067,40.74700908738615,0.20750817600586,0.455530653201143,0.009832421684567924,0.003109284743846429,40000,10
ou,400,0.2834203801582724,49.235162864663835,0.22040586824485406,0.4694740336215136,0.008433909459738544,0.002667036347241396,40000,10
ou,400,0.3424606833431912,59.491514017905914,0.24170406080481902,0.4916340720544285,0.007759262389490405,0.002453694211367022,40000,10
ou,400,0.4137998811884742,71.88440200495022,0.27275739712218366,0.5222618089829886,0.007782895907752091,0.0024611677860500334,40000,10
ou,400,0.5,86.85889638065036,0.3154123438598268,0.5616158329853485,0.008373096385968457,0.0026478055647784645,40000,10
ou,800,0.0025,0.43429448190325176,1.065013264858751,1.0319947988525673,0.20218262040915372,0.06393575837941702,64000,10
ou,800,0.003020783854286946,0.5247639035757029,1.0084965039338347,1.004239266277631,0.1851276794245863,0.058542512492318254,64000,10
ou,800,0.003650054037728276,0.6340793308936296,0.9480839776363432,0.9736960396532088,0.16742695274594396,0.05294505123785655,64000,10
ou,800,0.004410409721777782,0.7661666420402187,0.8842403152397958,0.9403405315308895,0.14953044314728156,0.04728567798797264,64000,10
ou,800,0.005329157791334604,0.9257695287873359,0.8177014047001633,0.9042684361958916,0.13194540543021094,0.04172480079538156,64000,10
ou,800,0.006439293525204423,1.1186198581406475,0.7494960085710046,0.865734375297068,0.1151561431488633,0.03641556989108024,64000,10
ou,800,0.007780685565580791,1.3516435226224077,0.6809007457934916,0.8251671017396971,0.09954832923947592,0.03147994576610814,64000,10
ou,800,0.009401507732715982,1.633209171955721,0.6133294965013946,0.7831535586980337,0.08535741500635231,0.02699238466043091,64000,10
ou,800,0.011359969105976928,1.9734287589268786,0.5481804256379101,0.7403920756179865,0.07266230763373575,0.022977839216644487,64000,10
ou,800,0.013726404504213443,2.3845206930207357,0.48668056210872895,0.6976249437260174,0.06143132397030403,0.019426290342585868,64000,10
ou,800,0.016585800441495827,2.881248643876062,0.4297712087431333,0.6555693775208946,0.0515913972061177,0.016314632284177934,64000,10
ou,800,0.020040847273638366,3.481451753442788,0.378061226369368,0.6148668362900768,0.043073934232583384,0.013621173995926043,64000,10
ou,800,0.024215627148174927,4.206685298511579,0.3318469030477859,0.5760615444965806,0.035818079760205505,0.011326671345582705,64000,10
ou,800,0.029260070204255792,5.082994811924018,0.2911748402195212,0.5396061899381077,0.029750878479210728,0.00940805383851923,64000,10
ou,800,0.03535533905932737,6.141851463713753,0.2559201299709983,0.5058854909670748,0.02477224844775218,0.007833672785846752,64000,10
ou,800,0.04272033495730271,7.421282294806062,0.2258614886179658,0.4752488701911513,0.02075534876888012,0.006563417574083287,64000,10
ou,800,0.05161955923550008,8.96723589370229,0.20074519743587013,0.44804597692186693,0.017557735269458547,0.00555224340057592,64000,10
ou,800,0.06237261244160289,10.835232562111297,0.18033487610176308,0.4246585405967518,0.015035824241708842,0.004754745110177403,64000,10
ou,800,0.07536567224531646,13.092358232427998,0.16444702625642832,0.4055206853619533,0.013056963804347604,0.004128974494811556,64000,10
ou,800,0.09106536235445348,15.819673745223703,0.15297510956660598,0.3911203261997591,0.011504990840874998,0.003638197551654082,64000,10
ou,800,0.11003551051404936,19.115126011863556,0.14590633924175234,0.3819768831248199,0.010279067973778365,0.003250526702083157,64000,10
ou,800,0.1329573974236247,23.09706561171913,0.14333520278331996,0.3785963586503705,0.009291003557043705,0.002938073298898426,64000,10
ou,800,0.16065422377811936,27.908497152514965,0.1454781191673828,0.38141593984439454,0.008467143165720054,0.0026775457678403893,64000,10
ou,800,0.1941206741247779,33.722215038292155,0.152694922438323,0.3907619767049028,0.00775562656979433,0.0024525444642268927,64000,10
ou,800,0.23455863927177067,40.74700908738615,0.16552293929878634,0.4068451047988489,0.007134133965757677,0.0022560112464563944,64000,10
ou,800,0.2834203801582724,49.235162864663835,0.1847276138582847,0.42979950425551294,0.006612680999390551,0.002091113339819265,64000,10
ou,800,0.3424606833431912,59.491514017905914,0.211372183767768,0.45975230697384,0.006228996586150371,0.0019697816749648417,64000,10
ou,800,0.4137998811884742,71.88440200495022,0.24691033552969288,0.496900730055504,0.006036002962204061,0.0019087517324088063,64000,10
ou,800,0.5,86.85889638065036,0.2933104021129421,0.5415813901095035,0.0060826959936522325,0.0019235173654322155,64000,10
jump,50,0.0025,0.43429448190325176,1.500570060753503,1.22497757561251,0.11534926996885425,0.03647664195392391,40000,10
jump,50,0.003020783854286946,0.5247639035757029,1.4922386466911288,1.2215722028153426,0.11490128621654733,0.03633497705272005,40000,10
jump,50,0.003650054037728276,0.6340793308936296,1.4822609189541285,1.2174813834117253,0.11423814946226897,0.03612527479835095,40000,10
jump,50,0.004410409721777782,0.7661666420402187,1.470334782212056,1.2125736192957755,0.11331201108720741,0.03583240412898277,40000,10
jump,50,0.005329157791334604,0.9257695287873359,1.4561370367943998,1.2067050330525682,0.11207261312488113,0.03544047208015051,40000,10
jump,50,0.006439293525204423,1.1186198581406475,1.439325143339685,1.1997187767721589,0.11046571140511585,0.034932325139100516,40000,10
jump,50,0.007780685565580791,1.3516435226224077,1.419543920692643,1.1914461467866029,0.10843393101333167,0.03428981976476979,40000,10
jump,50,0.009401507732715982,1.633209171955721,1.3964368399557925,1.1817092874120065,0.10592247886757189,0.033495628863257985,40000,10
jump,50,0.011359969105976928,1.9734287589268786,1.369659547463006,1.1703245479195101,0.10289313499818717,0.032537666218945646,40000,10
jump,50,0.013726404504213443,2.3845206930207357,1.3388963963252827,1.1571069079066474,0.0993467083777789,0.031416187651431296,40000,10
jump,50,0.016585800441495827,2.881248643876062,1.3038835705503429,1.1418772134298603,0.0953468175716744,0.030151311117505582,40000,10
jump,50,0.020040847273638366,3.481451753442788,1.2644389827868117,1.124472757689937,0.09103150150069368,0.02878668835672279,40000,10
jump,50,0.024215627148174927,4.206685298511579,1.2204928383136688,1.1047591766143736,0.08659866553031824,0.027384902540691883,40000,10
jump,50,0.029260070204255792,5.082994811924018,1.1721121775796552,1.0826412968197987,0.08226009364933472,0.026012925647064995,40000,10
jump,50,0.03535533905932737,6.141851463713753,1.1195192121969562,1.0580733491573049,0.07817672429068573,0.024721650876957817,40000,10
jump,50,0.04272033495730271,7.421282294806062,1.0631092466025729,1.0310718920630961,0.07440481266793997,0.023528867690883977,40000,10
jump,50,0.05161955923550008,8.96723589370229,1.0034727369313396,1.0017348635898322,0.07088116651978589,0.022414592941219377,40000,10
jump,50,0.06237261244160289,10.835232562111297,0.9414183856644864,0.9702671723110529,0.06745297624421395,0.021330503988894616,40000,10
jump,50,0.07536567224531646,13.092358232427998,0.8779861241110831,0.9370091376881461,0.06393378505529529,0.020217638021036727,40000,10
jump,50,0.09106536235445348,15.819673745223703,0.8144365533927396,0.9024613860951279,0.0601601936507375,0.019024323641313075,40000,10
jump,50,0.11003551051404936,19.115126011863556,0.7522101158265586,0.8673004760903562,0.05603185557938669,0.017718828515647548,40000,10
jump,50,0.1329573974236247,23.09706561171913,0.6928630330483416,0.8323839456935372,0.051528618891510954,0.01629478003799554,40000,10
jump,50,0.16065422377811936,27.908497152514965,0.6379999163680574,0.7987489695568047,0.04670683306871558,0.014769997479041298,40000,10
jump,50,0.1941206741247779,33.722215038292155,0.5892259181152052,0.7676105250159128,0.04168175262785421,0.0131809275171728,40000,10
jump,50,0.23455863927177067,40.74700908738615,0.5481331866615177,0.7403601736057375,0.036605462389745394,0.011575663595522567,40000,10
jump,50,0.2834203801582724,49.235162864663835,0.5163253802659948,0.7185578475432544,0.03164826600791976,0.010008060457991096,40000,10
jump,50,0.3424606833431912,59.491514017905914,0.49547861999456044,0.7039024222110337,0.02698591242769728,0.008533694800936735,40000,10
jump,50,0.4137998811884742,71.88440200495022,0.4874391992687216,0.6981684605227606,0.0227906622003784,0.007207040193670054,40000,10
jump,50,0.5,86.85889638065036,0.49436414517527866,0.7031103364161835,0.019225519948318014,0.006079643223768759,40000,10
jump,100,0.0025,0.43429448190325176,1.3767065746125322,1.1733314001647328,0.1085367898809548,0.03432234659469328,40000,10
jump,100,0.003020783854286946,0.5247639035757029,1.3613092738125483,1.1667515904478332,0.10748154439762728,0.03398864867290125,40000,10
jump,100,0.003650054037728276,0.6340793308936296,1.3432398428710757,1.158982244415796,0.10637025513195962,0.03363722815102068,40000,10
jump,100,0.004410409721777782,0.7661666420402187,1.322144821826162,1.1498455643372991,0.10516735068696562,0.0332568363656485,40000,10
jump,100,0.005329157791334604,0.9257695287873359,1.2976582525473852,1.1391480380299064,0.10379210241300846,0.032821944676256515,40000,10
jump,100,0.006439293525204423,1.1186198581406475,1.2694318284988868,1.1266906534177368,0.1021449369400549,0.032301065218484346,40000,10
jump,100,0.007780685565580791,1.3516435226224077,1.2371732190335325,1.1122828862450111,0.10013898435430184,0.03166672731355596,40000,10
jump,100,0.009401507732715982,1.633209171955721,1.2006783995017554,1.0957547168512465,0.09772012381892145,0.03090181645014632,40000,10
jump,100,0.011359969105976928,1.9734287589268786,1.1598503508343252,1.0769634863050488,0.09486726579343537,0.02999966352998365,40000,10
jump,100,0.013726404504213443,2.3845206930207357,1.1147090099796486,1.0557978073379621,0.09157729916745967,0.028959284733581402,40000,10
jump,100,0.016585800441495827,2.881248643876062,1.065404172431705,1.032184175635194,0.08784937456240381,0.027780411463845384,40000,10
jump,100,0.020040847273638366,3.481451753442788,1.0122383367684702,1.0061005599682717,0.0836831104674423,0.026462923076459543,40000,10
jump,100,0.024215627148174927,4.206685298511579,0.9556938932626217,0.9775959764967436,0.07909293290308259,0.02501138147966146,40000,10
jump,100,0.029260070204255792,5.082994811924018,0.8964490000893521,0.9468099070506983,0.0741273819739894,0.023441136402311488,40000,10
jump,100,0.03535533905932737,6.141851463713753,0.8353689169219318,0.9139851841916978,0.06887999822626477,0.021781767962335465,40000,10
jump,100,0.04272033495730271,7.421282294806062,0.7734729578451993,0.8794731137705116,0.06348561967787757,0.020075915684929828,40000,10
jump,100,0.05161955923550008,8.96723589370229,0.7118876759955464,0.8437343634080257,0.05810323226010146,0.01837385533596935,40000,10
jump,100,0.06237261244160289,10.835232562111297,0.6517953110821217,0.8073384117469711,0.052890258787742686,0.0167253683805003,40000,10
jump,100,0.07536567224531646,13.092358232427998,0.5943809888977877,0.7709610813120126,0.047975663044981846,0.015171236747891177,40000,10
jump,100,0.09106536235445348,15.819673745223703,0.5407841066049157,0.735380246270537,0.04344080891459243,0.0137371899570259,40000,10
jump,100,0.11003551051404936,19.115126011863556,0.49206500059449054,0.7014734496718251,0.039314499231676694,0.012432336264103812,40000,10
jump,100,0.1329573974236247,23.09706561171913,0.44919603351847026,0.6702208841258755,0.03558204333388493,0.01125203007378875,40000,10
jump,100,0.16065422377811936,27.908497152514965,0.41307725224826913,0.642710862089843,0.03220292396930401,0.01018345870602309,40000,10
jump,100,0.1941206741247779,33.722215038292155,0.38457113402985565,0.6201379959572351,0.0291302086726957,0.009211780812170878,40000,10
jump,100,0.23455863927177067,40.74700908738615,0.36455274144036826,0.6037820313990541,0.02632475861986,0.008324619609290825,40000,10
jump,100,0.2834203801582724,49.235162864663835,0.3539765187860303,0.5949592580891824,0.023759450336567605,0.007513397901720781,40000,10
jump,100,0.3424606833431912,59.491514017905914,0.3539646438533254,0.5949492783870952,0.021415568696625774,0.006772197446914094,40000,10
jump,100,0.4137998811884742,71.88440200495022,0.3659231464338496,0.6049158176422977,0.01928062462852982,0.006097068853689211,40000,10
jump,100,0.5,86.85889638065036,0.39169285420708794,0.6258537003222782,0.017356858742896112,0.005488720665335859,40000,10
jump,200,0.0025,0.43429448190325176,1.3716477719942692,1.1711736728573903,0.1984564719525517,0.06275744677713868,40000,10
jump,200,0.003020783854286946,0.5247639035757029,1.3428282177861308,1.158804650398906,0.19588307176485134,0.06194366618471488,40000,10
jump,200,0.003650054037728276,0.6340793308936296,1.310418893445621,1.1447352940508215,0.1925394095221799,0.06088630734340004,40000,10
jump,200,0.004410409721777782,0.7661666420402187,1.274230509620593,1.1288181915705437,0.18831370937226538,0.059550023625135555,40000,10
jump,200,0.005329157791334604,0.9257695287873359,1.2340527173915707,1.1108792541908281,0.18314357976784204,0.05791508509031124,40000,10
jump,200,0.006439293525204423,1.1186198581406475,1.1896847976843679,1.0907267291509675,0.17703543202584487,0.05598351917535869,40000,10
jump,200,0.007780685565580791,1.3516435226224077,1.1410047465528455,1.068178237258579,0.17006140743379203,0.05377813895846732,40000,10
jump,200,0.009401507732715982,1.633209171955721,1.0880537624169526,1.0430981556962664,0.16233680535828662,0.05133540530076122,40000,10
jump,200,0.011359969105976928,1.9734287589268786,1.0311030251461646,1.015432432585332,0.153993051489249,0.048696878654561106,40000,10
jump,200,0.013726404504213443,2.3845206930207357,0.9706813453452139,0.9852316201509237,0.1451590164962581,0.04590331150381302,40000,10
jump,200,0.016585800441495827,2.881248643876062,0.9075595505226575,0.9526591995685852,0.13595394190743135,0.042992411330569975,40000,10
jump,200,0.020040847273638366,3.481451753442788,0.8426987593584304,0.9179862522709316,0.12649111790413683,0.04000000363579764,40000,10
jump,200,0.024215627148174927,4.206685298511579,0.7771769790446206,0.8815764170193192,0.116890191957793,0.03696392427209223,40000,10
jump,200,0.029260070204255792,5.082994811924018,0.7121124708998289,0.8438675671572103,0.10728932315727846,0.03392786297948476,40000,10
jump,200,0.03535533905932737,6.141851463713753,0.6485990759560136,0.8053564899819294,0.09784424919414508,0.03094106834025929,40000,10
jump,200,0.04272033495730271,7.421282294806062,0.5876596593186483,0.7665896290184523,0.08871097694711669,0.028052874061157917,40000,10
jump,200,0.05161955923550008,8.96723589370229,0.5302162588281731,0.728159500953035,0.08002265850992976,0.02530538653132339,40000,10
jump,200,0.06237261244160289,10.835232562111297,0.47707407724820633,0.6907054924120746,0.07187289240363752,0.02272820420197085,40000,10
jump,200,0.07536567224531646,13.092358232427998,0.42891938832623466,0.6549193754396297,0.06430987906583412,0.020336569389801735,40000,10
jump,200,0.09106536235445348,15.819673745223703,0.38633279969226203,0.6215567550049328,0.05734092519472836,0.018132792675667565,40000,10
jump,200,0.11003551051404936,19.115126011863556,0.3498159104296163,0.5914523737627708,0.050945679293466495,0.016110438351183188,40000,10
jump,200,0.1329573974236247,23.09706561171913,0.31982535388429606,0.5655310370654258,0.04509369334486469,0.014259877907894913,40000,10
jump,200,0.16065422377811936,27.908497152514965,0.2968093962370571,0.544802162474652,0.03975863643919838,0.012572784781043352,40000,10
jump,200,0.1941206741247779,33.722215038292155,0.2812483790629235,0.5303285576535771,0.03492281437024098,0.011043563571322029,40000,10
jump,200,0.23455863927177067,40.74700908738615,0.27370563884391563,0.5231688435332476,0.030572192604598723,0.009667776169588747,40000,10
jump,200,0.2834203801582724,49.235162864663835,0.27489562603034423,0.5243048979652434,0.02668890917406193,0.008439774125539895,40000,10
jump,200,0.3424606833431912,59.491514017905914,0.28577240202028514,0.5345768438870928,0.023249833490549033,0.007352242904979781,40000,10
jump,200,0.4137998811884742,71.88440200495022,0.3076402933500407,0.5546533091490943,0.020235488040039024,0.006399023177161982,40000,10
jump,200,0.5,86.85889638065036,0.34229275428620215,0.5850579067803479,0.017648287857582004,0.005580878643225244,40000,10
jump,400,0.0025,0.43429448190325176,1.1951048787137284,1.0932085248083865,0.11502124756778036,0.036372912162828834,40000,10
jump,400,0.003020783854286946,0.5247639035757029,1.15347079398335,1.073997576339607,0.1106392332169093,0.03498719755399916,40000,10
jump,400,0.003650054037728276,0.6340793308936296,1.1071201263742176,1.052197760107014,0.1056509279902613,0.033409756935966144,40000,10
jump,400,0.004410409721777782,0.7661666420402187,1.0563308519583694,1.027779573623824,0.10026493801531212,0.031706557358398876,40000,10
jump,400,0.005329157791334604,0.9257695287873359,1.0016156004508379,1.0008074742181126,0.09474166455299739,0.029959944930311004,40000,10
jump,400,0.006439293525204423,1.1186198581406475,0.943676213344327,0.9714299837581333,0.08929327786824183,0.02823701378059487,40000,10
jump,400,0.007780685565580791,1.3516435226224077,0.8833266820679093,0.9398546068769942,0.08402743601452692,0.026571808374996637,40000,10
jump,400,0.009401507732715982,1.633209171955721,0.8214110146872123,0.906317281467816,0.07894067367537577,0.024963232884228286,40000,10
jump,400,0.011359969105976928,1.9734287589268786,0.7587474509154785,0.8710611063039598,0.07395249271654315,0.023385831563128918,40000,10
jump,400,0.013726404504213443,2.3845206930207357,0.6961151077518541,0.8343351291608512,0.06896605724891729,0.021808982214814462,40000,10
jump,400,0.016585800441495827,2.881248643876062,0.6342739043358085,0.7964131492735467,0.06393062697282716,0.020216639347672934,40000,10
jump,400,0.020040847273638366,3.481451753442788,0.5739921537596406,0.7576226988149448,0.058875676930077864,0.018618123788327605,40000,10
jump,400,0.024215627148174927,4.206685298511579,0.5160559332269904,0.71837033153311,0.05390137437981912,0.017045111205367423,40000,10
jump,400,0.029260070204255792,5.082994811924018,0.4612469862183285,0.6791516665799536,0.04913499739543756,0.015537850459602369,40000,10
jump,400,0.03535533905932737,6.141851463713753,0.4102951061485799,0.6405428214792356,0.044678789293146885,0.014128673726508856,40000,10
jump,400,0.04272033495730271,7.421282294806062,0.3638261633674884,0.6031800422489859,0.04057606972103623,0.012831279881626747,40000,10
jump,400,0.05161955923550008,8.96723589370229,0.3223283118188505,0.5677396514414424,0.036811094202724506,0.011640690084362944,40000,10
jump,400,0.06237261244160289,10.835232562111297,0.28614752582802094,0.5349275893315103,0.033336545206414124,0.010541941217343665,40000,10
jump,400,0.07536567224531646,13.092358232427998,0.255509771156812,0.5054797435672492,0.03010510168993057,0.009520069053116476,40000,10
jump,400,0.09106536235445348,15.819673745223703,0.23055963444226638,0.480166257084217,0.027085797590168013,0.008565281262723082,40000,10
jump,400,0.11003551051404936,19.115126011863556,0.21140570426422806,0.4597887604805364,0.024265030759524905,0.007673276469414417,40000,10
jump,400,0.1329573974236247,23.09706561171913,0.1981675359945436,0.44516012399421356,0.021642782593029774,0.006844048789781912,40000,10
jump,400,0.16065422377811936,27.908497152514965,0.19102307035693178,0.4370618610184739,0.019230100539637057,0.006081091733928616,40000,10
jump,400,0.1941206741247779,33.722215038292155,0.19025739107341455,0.4361850422394314,0.0170469824623675,0.005390729181402689,40000,10
jump,400,0.23455863927177067,40.74700908738615,0.19631511147937966,0.44307461163937123,0.01511901263486022,0.004781051589902194,40000,10
jump,400,0.2834203801582724,49.235162864663835,0.20986058611796982,0.4581054312251382,0.013472918047293881,0.0042605107758236825,40000,10
jump,400,0.3424606833431912,59.491514017905914,0.2318519054493477,0.4815100263227628,0.01213129849916363,0.0038362534232739332,40000,10
jump,400,0.4137998811884742,71.88440200495022,0.26363586692189417,0.5134548343543901,0.011106305396305714,0.0035121221441745077,40000,10
jump,400,0.5,86.85889638065036,0.30707329797019056,0.5541419474919675,0.010393581028558148,0.0032867389095759315,40000,10
jump,800,0.0025,0.43429448190325176,1.1009227131226742,1.049248642182907,0.2717108044880388,0.08592250070589033,64000,10
jump,800,0.003020783854286946,0.5247639035757029,1.0407455888073156,1.020169392212546,0.2602599245195278,0.08230141451452112,64000,10
jump,800,0.003650054037728276,0.6340793308936296,0.9768026077010227,0.9883332472911264,0.2470762467906657,0.07813236955843714,64000,10
jump,800,0.004410409721777782,0.7661666420402187,0.910152220922258,0.954018983523,0.23246869258041108,0.07351305532355847,64000,10
jump,800,0.005329157791334604,0.9257695287873359,0.8418699425558671,0.9175347091831824,0.21674171935965228,0.06853974971575127,64000,10
jump,800,0.006439293525204423,1.1186198581406475,0.7729832829080406,0.8791946786167673,0.20019439889808002,0.06330702753262356,64000,10
jump,800,0.007780685565580791,1.3516435226224077,0.704472542253483,0.8393286258989878,0.18313739171525223,0.057913128256264775,64000,10
jump,800,0.009401507732715982,1.633209171955721,0.6372947837865567,0.7983074494119147,0.1659099557332745,0.05246533466148586,64000,10
jump,800,0.011359969105976928,1.9734287589268786,0.572382681341673,0.7565597671973266,0.14887677804065333,0.047078970931580436,64000,10
jump,800,0.013726404504213443,2.3845206930207357,0.5106048093193636,0.7145661686081728,0.132397642680295,0.041867810770685236,64000,10
jump,800,0.016585800441495827,2.881248643876062,0.45271024760610484,0.6728374600199553,0.11678322992530837,0.036930099907511,64000,10
jump,800,0.020040847273638366,3.481451753442788,0.39928684732053876,0.6318914838170703,0.1022588279542798,0.032337080719482075,64000,10
jump,800,0.024215627148174927,4.206685298511579,0.3507461594102998,0.5922382623660006,0.08895029582787961,0.028128553336187228,64000,10
jump,800,0.029260070204255792,5.082994811924018,0.3073328658944562,0.5543761050897271,0.07689447360095648,0.024316167605871186,64000,10
jump,800,0.03535533905932737,6.141851463713753,0.2691513112493813,0.5187979483858637,0.06606640295911423,0.0208920310165289,64000,10
jump,800,0.04272033495730271,7.421282294806062,0.2362007963074153,0.4860049344475993,0.056410014042324375,0.017838412721582694,64000,10
jump,800,0.05161955923550008,8.96723589370229,0.20841162309704822,0.45652121867121165,0.04786043971693106,0.015134799932268652,64000,10
jump,800,0.06237261244160289,10.835232562111297,0.1856768593679587,0.4309023780022091,0.040353617204997555,0.012760934219435012,64000,10
jump,800,0.07536567224531646,13.092358232427998,0.1678796281520764,0.4097311657075605,0.0338260004905276,0.010696720568404006,64000,10
jump,800,0.09106536235445348,15.819673745223703,0.1549193914040203,0.39359800736794937,0.02821048151982539,0.008920937549273674,64000,10
jump,800,0.11003551051404936,19.115126011863556,0.14674119800422392,0.3830681375476482,0.023434539407495642,0.007410652044465899,64000,10
jump,800,0.1329573974236247,23.09706561171913,0.1433696022154352,0.37864178614547445,0.019424024017247098,0.0061424157220314555,64000,10
jump,800,0.16065422377811936,27.908497152514965,0.14494621669068303,0.3807180277983734,0.01611161938415657,0.005094941404765413,64000,10
jump,800,0.1941206741247779,33.722215038292155,0.15176897105097234,0.3895753727470107,0.013445370637158737,0.004251799519857096,64000,10
jump,800,0.23455863927177067,40.74700908738615,0.1643330625213722,0.40538014569212955,0.011392498551437577,0.003602624366271167,64000,10
jump,800,0.2834203801582724,49.235162864663835,0.18337742098095872,0.42822589947475004,0.009935977452989036,0.003142031953152394,64000,10
jump,800,0.3424606833431912,59.491514017905914,0.2099441608105773,0.4581966398944642,0.009062479709943713,0.002865807713248422,64000,10
jump,800,0.4137998811884742,71.88440200495022,0.2454610894051902,0.49544029852767346,0.008743657931110387,0.0027649874143704446,64000,10
jump,800,0.5,86.85889638065036,0.2918600480493813,0.5402407315719366,0.008924319544450377,0.0028221176327619473,64000,10
